Pothole number,Bags used
103,1.12395
104,0.77553
1040,0.383829
105,0.689004
108,1.30263
1086,0.350845
1115,0.945025
1134,0.622559
114,1.63484
1161,0.163238
1162,0.159039
1181,0.184156
1198,0.801233
1205,0.294151
1250,0.58349
1270,0.882829
1278,0.157084
1280,0.165653
1296,0.48218
143,0.417488
144,0.357088
406,1.60297
434,0.185673
450,0.626964
470,1.85198
473,0.3115
479,0.612243
1409,0.187614
1438,0.313169
1430,0.429066
