Pothole number,Bags used
103,0.7911
104,0.646496
1040,0.483859
105,0.61057
108,0.865351
1086,0.470164
1115,0.716871
1134,0.582981
114,1.00329
1161,0.392268
1162,0.390525
1181,0.400953
1198,0.657168
1205,0.446624
1250,0.56676
1270,0.691047
1278,0.389713
1280,0.393271
1296,0.524695
143,0.497835
144,0.472756
406,0.990057
434,0.401583
450,0.584811
470,1.09345
473,0.453828
479,0.578698
1409,0.25
1430,0.25
1438,0.25
