input,output
0.03303746517,0.5
0.06154252572,0.5
0.1358924686,0.5
0.1405228913,1
0.1549102966,1
0.2487414861,1.5
0.3048264014,1
0.3398152678,1
0.3675813773,1.5
0.3935847938,1
0.4058042621,1
0.431992084,1.5
0.4856998044,1
0.4878480049,1
0.5251378476,1.5
0.8284723685,1
1.012356337,1
1.024415218,1
1.100986658,1
1.29195445,1.5
1.318180991,2
1.573683585,3
1.856343122,3
