Pothole number,Bags used
103,1.37754
104,0.96876
1040,0.509205
105,0.867246
108,1.58717
1086,0.470508
1115,1.16762
1134,0.78929
114,1.97693
1161,0.250402
1162,0.245476
1181,0.274944
1198,0.998916
1205,0.403993
1250,0.743454
1270,1.09465
1278,0.243182
1280,0.253236
1296,0.624594
143,0.548696
144,0.477833
406,1.93954
434,0.276723
450,0.794459
470,2.23168
473,0.424347
479,0.777188
1409,0.25
1430,0.25
1438,0.25
